formula,target
C1CCOC1,0.061595481015349986
CCCC/C=C/C,1.450569372006337
Cn1cccc1,0.218023608544432
C1CCOCC1,0.15599176486910635
c1ccc(cc1)C=O,-0.08674153646912418
