formula,target
COP(=O)(OC)OC(=CCl)c1cc(Cl)c(Cl)cc1Cl,-0.800844274301607
CCSC(=O)N(CC)C1CCCCC1 ,-0.25795613765327885
CC(C)CBr,0.21138565606229867
CC1=CCCCC1,-0.1950546601450056
NNc1ccccc1,1.4210294542983235
