formula,target
N(=Nc1ccccc1)c2ccccc2,-0.7660065329124094
COP(=S)(OC)Oc1ccc(cc1Cl)N(=O)=O,-0.6982664802111918
CCCCOC(=O)c1ccc(N)cc1,-0.10408944651765646
CCOP(=S)(OCC)ON=C(C#N)c1ccccc1,-0.9653558308617063
CO,2.1468157332399382
