formula,target
C1CCOCC1,0.17427597273173318
CCCNCCC,0.03250141038947079
CCCC#C,1.0115483880737737
C=O,0.27325066719708624
COc1ccc(cc1)C(=O)OC,-0.41689720231807814
