formula,target
Nc1nccs1 ,1.2129707210017273
CCOC(=O)CCN(SN(C)C(=O)Oc1cccc2CC(C)(C)Oc21)C(C)C,-0.8918094879289559
O=C1N(COC(=O)CCCC)C(=O)C(N1)(c2ccccc2)c3ccccc3,-0.8763260473115347
CCC(C)CCO,1.0436205892486838
Cc1ccccc1O,1.0871677659851806
