formula,target
CCCCCI,0.9464961275982646
CCSCC,0.5980740839322861
CCCCCC1CCCC1,1.6565380196145387
CCCOC(=O)CC,0.3393971121196656
CNC(=O)Oc1cccc2c1cccc2,-1.5109351046216295
