formula,target
CC(=O)Oc1ccccc1C(=O)O,-1.537570491350825
COC,0.5083994955557201
CC(C)C(=O)C(C)C,0.2969231457260274
Cc1ccc(cc1)C(=O)N(C)C,-1.4917081504239038
Cc1c[nH]c2c1cccc2,-0.5031199126658221
