formula,target
COP(=S)(OC)SCn1c(=O)c2ccccc2nn1,-1.5821146338239473
c12c(c(c(c(c1Cl)Cl)Cl)Cl)Oc3c(c(c(c(c3Cl)Cl)Cl)Cl)O2,-0.16764128570319972
CCOC(=O)C,0.2412701003898892
c1cc(c(c(c1)Cl)Cl)Cl,0.6784709534453932
COC(OC)OC,-0.13935181874078478
