formula,target
C(C(CO)O)O,-2.5336547543567765
C[N+](=O)[O-],-0.06123019476586291
Cc1cccs1,0.6324149526645313
CC(=O)C,-0.003426432479996849
CN1CCCCC1,-0.02444598240212994
