formula,target
c1c(OC)c(OC)C2C(=O)OCC2c1,0.4683139988076304
CCCCCCCCBr,-1.0611596196819992
Cc1c2ccccc2c(C)c3ccccc13,-1.7917844738165585
Cc1ccc2cc3ccccc3cc2c1,-1.980488906341378
Cc1cncc(C)c1,1.5710252852795905
