formula,target
CCCCCCCC=C,1.48777802830384
CCCCCC=C,1.3854711024144715
CC(C)[N+](=O)[O-],0.1603456648892784
N,-0.1363444201898914
CCc1cccc(c1N(COC)C(=O)CCl)CC,-1.138952293905707
