formula,target
C1OC(O)C(O)C(O)C1O,1.5758638604725348
CC(=O)Nc1nnc(s1)S(N)(=O)=O ,0.2452556824129075
O=N(=O)c1cccc2ccccc12,-0.3256961903544963
BrC(Cl)Cl,0.6420188482343235
C,0.951687660582746
