formula,target
CCC1(CCC(C)C)C(=O)NC(=O)NC1=O,0.19299907032911118
CC12CCC3C(CCC4=CC(=O)CCC34C)C2CCC1O,-0.5579477996158129
CCC(C)(O)CC,1.2129707210017273
CNc1ccccc1,0.7678218032508701
CC=C(C(=CC)c1ccc(O)cc1)c2ccc(O)cc2,-1.0079352925596143
