formula,target
CC(C)CCCO,0.8355618559520875
CC1=CCCCC1,-0.1950546601450056
Oc2cc(O)c1C(=O)CC(Oc1c2)c3ccc(O)c(O)c3,-0.36440479189804914
CC(C)Cc1ccccc1,-0.606333551545254
c2ccc1scnc1c2 ,0.6613731490061
