formula,target
N,-0.12608409809808516
CCCC1CCCC1,1.5018480554306888
CC(C)(C)OC,0.401345633886315
CC1CCC(CC1)C,1.4967766157000695
CC(C)C,1.5449552931409523
