formula,target
c1cc(ccc1Cl)Cl,0.7628818538048744
CC[C@H](C)n1c(=O)c(c([nH]c1=O)C)Br,-1.4272944885069379
CC[C@H](C)c1ccccc1,0.9035353803753577
CCc1ccccn1,-0.07099262514870536
CCCCCCCCl,1.089398969057782
