formula,target
C1OC1c2ccccc2 ,0.612987397076659
CSc1nnc(c(=O)n1N)C(C)(C)C,0.2970284369774092
NC(=O)c1cccnc1 ,1.6823125147173048
Clc1ccccc1Cl,-0.08860600590023533
CCN(CC(C)=C)c1c(cc(cc1N(=O)=O)C(F)(F)F)N(=O)=O,-1.5759840202112514
